Categoria, Situa√ß√£o Atual (On-Premises), Custos AWS, Economia/Impacto
Servidores f√≠sicos (4x), R$ 48.000/ano, R$ 21.600/ano (EC2), -R$ 26.400
Energia e refrigera√ß√£o, R$ 30.000/ano, Incluso na AWS, -R$ 30.000
Licenciamento SQL, R$ 25.000/ano, R$ 28.800/ano (RDS), +R$ 3.800
Backups f√≠sicos, R$ 8.000/ano, Incluso na AWS (RDS/S3), -R$ 8.000
Aluguel salas de arquivo, R$ 42.000/ano, R$ 7.200/ano (S3), -R$ 34.800
---
Totais, R$ 153.000/ano, R$ 57.600/ano, Economia l√≠quida: R$ 95.400/ano


---

üìä Como interpretar:
- Coluna Situa√ß√£o Atual: Custos anuais da infraestrutura f√≠sica da Abstergo.  
- Coluna Custos AWS: Custos estimados com EC2, RDS e S3.  
- Coluna Economia/Impacto: Diferen√ßa entre os dois cen√°rios.  

üëâ Resultado: Economia l√≠quida de R$ 95.400/ano, equivalente a redu√ß√£o de ~40% nos custos de TI.  
